res_id_1,res_name_1,atom_1,res_id_2,res_name_2,atom_2,bond_vector,rdc,rdc_pred,scaling
18,G,C1',18,G,H1',C1'H1',-22.500,-17.338,1.302
20,A,C8,20,A,H8,C8H8,11.400,6.776,1.302
20,A,C2,20,A,H2,C2H2,9.850,6.706,1.302
20,A,C1',20,A,H1',C1'H1',-8.600,-6.187,1.302
20,A,C3',20,A,H3',C3'H3',-4.900,4.839,1.302
21,G,C1',21,G,H1',C1'H1',-2.150,-2.695,1.302
21,G,C8,21,G,H8,C8H8,7.800,5.934,1.302
40,U,C1',40,U,H1',C1'H1',-3.800,-0.234,1.302
41,C,C5,41,C,H5,C5H5,12.100,11.868,1.302
42,U,C5,42,U,C6,C5C6,1.000,1.165,1.302
43,G,C1',43,G,H1',C1'H1',10.700,9.366,1.302
43,G,C8,43,G,H8,C8H8,10.150,5.395,1.302
23,U,C2',23,U,H2',C2'H2',-1.400,2.404,1.302
23,U,C4',23,U,H4',C4'H4',7.600,5.558,1.302
23,U,C5,23,U,C6,C5C6,0.800,0.881,1.302
23,U,C6,23,U,H6,C6H6,10.200,8.508,1.302
24,C,C2',24,C,H2',C2'H2',3.800,5.207,1.302
24,C,C4',24,C,H4',C4'H4',3.300,4.841,1.302
24,C,C5,24,C,H5,C5H5,-1.400,2.187,1.302
25,U,C4',25,U,H4',C4'H4',2.400,1.049,1.302
25,U,C5,25,U,C6,C5C6,1.200,0.691,1.302
25,U,C5,25,U,H5,C5H5,4.600,0.748,1.302
26,G,C1',26,G,H1',C1'H1',-19.700,-12.118,1.302
26,G,C3',26,G,H3',C3'H3',3.000,7.478,1.302
26,G,C8,26,G,H8,C8H8,17.200,11.912,1.302
27,A,C1',27,A,H1',C1'H1',-15.600,-8.303,1.302
27,A,C8,27,A,H8,C8H8,19.700,13.168,1.302
27,A,C2,27,A,H2,C2H2,17.200,12.966,1.302
28,G,C8,28,G,H8,C8H8,15.900,12.029,1.302
28,G,C1',28,G,H1',C1'H1',-8.700,-3.935,1.302
37,C,C1',37,C,H1',C1'H1',-9.800,-8.336,1.302
37,C,C5,37,C,C6,C5C6,3.200,1.876,1.302
38,U,C1',38,U,H1',C1'H1',-1.800,-2.366,1.302
39,C,C5,39,C,H5,C5H5,17.000,11.789,1.302
39,C,C5,39,C,C6,C5C6,1.800,2.170,1.302
18,G,C8,18,G,H8,C8H8,29.900,38.209,0.735
19,C,C5,19,C,H5,C5H5,29.900,38.313,0.735
19,C,C6,19,C,H6,C6H6,27.600,37.252,0.735
20,A,C2,20,A,H2,C2H2,31.700,40.726,0.735
20,A,C8,20,A,H8,C8H8,24.700,31.919,0.735
20,A,C1',20,A,H1',C1'H1',-27.000,-42.066,0.735
21,G,C8,21,G,H8,C8H8,27.300,34.747,0.735
21,G,C1',21,G,H1',C1'H1',-35.200,-42.010,0.735
21,G,N1,21,G,H1,N1H1,-19.300,-20.318,0.735
22,A,C2,22,A,H2,C2H2,28.200,31.650,0.735
22,A,C8,22,A,H8,C8H8,25.500,35.343,0.735
22,A,C1',22,A,H1',C1'H1',-8.600,-11.366,0.735
23,U,C5,23,U,H5,C5H5,12.800,11.281,0.735
23,U,C6,23,U,H6,C6H6,13.100,21.046,0.735
23,U,C1',23,U,H1',C1'H1',1.700,-10.672,0.735
24,C,C5,24,C,H5,C5H5,3.800,7.029,0.735
24,C,C6,24,C,H6,C6H6,-2.900,-5.231,0.735
25,U,C5,25,U,H5,C5H5,-10.700,-6.157,0.735
25,U,C6,25,U,H6,C6H6,1.400,-2.655,0.735
25,U,C1',25,U,H1',C1'H1',-21.600,-33.502,0.735
27,A,C2,27,A,H2,C2H2,11.500,17.982,0.735
27,A,C8,27,A,H8,C8H8,21.900,29.809,0.735
27,A,C1',27,A,H1',C1'H1',-31.400,-43.150,0.735
28,G,C8,28,G,H8,C8H8,20.100,26.116,0.735
28,G,N1,28,G,H1,N1H1,-11.000,-11.691,0.735
37,C,C5,37,C,H5,C5H5,10.800,24.578,0.735
38,U,C5,38,U,H5,C5H5,7.200,12.502,0.735
38,U,C1',38,U,H1',C1'H1',9.500,14.305,0.735
38,U,N3,38,U,H3,N3H3,-13.300,-17.314,0.735
39,C,C1',39,C,H1',C1'H1',6.000,7.008,0.735
40,U,C5,40,U,H5,C5H5,25.000,34.258,0.735
40,U,C1',40,U,H1',C1'H1',-5.000,-4.300,0.735
41,C,C5,41,C,H5,C5H5,35.300,43.297,0.735
41,C,C6,41,C,H6,C6H6,23.700,32.077,0.735
42,U,C5,42,U,H5,C5H5,25.400,43.458,0.735
42,U,C1',42,U,H1',C1'H1',-19.600,-14.706,0.735
42,U,N3,42,U,H3,N3H3,-13.400,-18.919,0.735
43,G,C8,43,G,H8,C8H8,21.800,32.751,0.735
44,C,C5,44,C,H5,C5H5,25.100,37.342,0.735
18,G,C8,18,G,H8,C8H8,5.900,12.331,0.435
18,G,C1',18,G,H1',C1'H1',-22.300,-47.591,0.435
19,C,C6,19,C,H6,C6H6,13.400,24.722,0.435
20,A,C2,20,A,H2,C2H2,15.100,30.097,0.435
20,A,C8,20,A,H8,C8H8,4.000,27.212,0.435
21,G,C8,21,G,H8,C8H8,-2.100,8.013,0.435
21,G,C1',21,G,H1',C1'H1',5.200,5.740,0.435
21,G,N1,21,G,H1,N1H1,3.800,-5.728,0.435
22,A,C2,22,A,H2,C2H2,-3.500,1.923,0.435
22,A,C8,22,A,H8,C8H8,0.100,10.930,0.435
23,U,C5,23,U,H5,C5H5,-11.200,-11.859,0.435
23,U,C6,23,U,H6,C6H6,9.700,30.482,0.435
23,U,C1',23,U,H1',C1'H1',2.300,17.257,0.435
24,C,C5,24,C,H5,C5H5,5.000,23.840,0.435
24,C,C6,24,C,H6,C6H6,12.700,25.244,0.435
25,U,C5,25,U,H5,C5H5,10.100,16.844,0.435
25,U,C6,25,U,H6,C6H6,14.200,32.427,0.435
25,U,C1',25,U,H1',C1'H1',-11.700,-26.892,0.435
26,G,C8,26,G,H8,C8H8,22.700,46.253,0.435
26,G,N1,26,G,H1,N1H1,-13.400,-23.498,0.435
27,A,C2,27,A,H2,C2H2,25.000,49.830,0.435
27,A,C8,27,A,H8,C8H8,23.500,45.640,0.435
28,G,C8,28,G,H8,C8H8,16.800,31.950,0.435
38,U,C5,38,U,H5,C5H5,21.200,46.503,0.435
38,U,N3,38,U,H3,N3H3,-12.500,-17.440,0.435
39,C,C5,39,C,H5,C5H5,23.700,40.103,0.435
39,C,C1',39,C,H1',C1'H1',-13.400,-44.361,0.435
40,U,C5,40,U,H5,C5H5,17.200,36.341,0.435
40,U,C1',40,U,H1',C1'H1',-5.100,-31.431,0.435
41,C,C5,41,C,H5,C5H5,15.200,39.467,0.435
41,C,C6,41,C,H6,C6H6,-3.600,10.399,0.435
42,U,C5,42,U,H5,C5H5,4.900,13.509,0.435
42,U,N3,42,U,H3,N3H3,1.400,-3.856,0.435
43,G,C8,43,G,H8,C8H8,5.900,19.392,0.435
19,C,C6,19,C,H6,C6H6,31.900,16.191,2.054
20,A,C2,20,A,H2,C2H2,34.300,18.630,2.054
20,A,C8,20,A,H8,C8H8,26.400,14.885,2.054
21,G,C8,21,G,H8,C8H8,21.200,9.030,2.054
21,G,C1',21,G,H1',C1'H1',-4.700,0.915,2.054
22,A,C2,22,A,H2,C2H2,15.800,7.481,2.054
22,A,C8,22,A,H8,C8H8,19.400,9.071,2.054
22,A,C1',22,A,H1',C1'H1',11.900,6.280,2.054
23,U,C5,23,U,H5,C5H5,1.800,3.712,2.054
23,U,C6,23,U,H6,C6H6,22.400,9.913,2.054
23,U,C1',23,U,H1',C1'H1',4.800,3.575,2.054
24,C,C5,24,C,H5,C5H5,5.800,4.383,2.054
24,C,C6,24,C,H6,C6H6,5.500,3.674,2.054
25,U,C5,25,U,H5,C5H5,-1.500,1.010,2.054
25,U,C6,25,U,H6,C6H6,11.200,3.776,2.054
26,G,C8,26,G,H8,C8H8,25.400,9.719,2.054
26,G,N1,26,G,H1,N1H1,-13.700,-7.744,2.054
27,A,C2,27,A,H2,C2H2,23.000,10.350,2.054
27,A,C8,27,A,H8,C8H8,32.200,14.764,2.054
28,G,C8,28,G,H8,C8H8,33.100,14.369,2.054
37,C,C5,37,C,H5,C5H5,31.100,14.050,2.054
37,C,C6,37,C,H6,C6H6,31.700,15.196,2.054
37,C,C1',37,C,H1',C1'H1',-4.000,-1.578,2.054
38,U,C5,38,U,H5,C5H5,26.200,13.580,2.054
38,U,C6,38,U,H6,C6H6,32.400,14.311,2.054
38,U,N3,38,U,H3,N3H3,-15.200,-7.305,2.054
39,C,C5,39,C,H5,C5H5,30.200,15.036,2.054
40,U,C5,40,U,H5,C5H5,28.400,14.953,2.054
40,U,C1',40,U,H1',C1'H1',-11.900,-2.773,2.054
41,C,C5,41,C,H5,C5H5,31.300,15.205,2.054
42,U,C5,42,U,H5,C5H5,23.700,8.721,2.054
42,U,C1',42,U,H1',C1'H1',2.800,-1.774,2.054
42,U,N3,42,U,H3,N3H3,-8.500,-4.312,2.054
43,G,C8,43,G,H8,C8H8,26.800,13.450,2.054
43,G,N1,43,G,H1,N1H1,-14.900,-9.102,2.054
